Date,opec,SA,us_prod,russia,Libya,Nigeria,Venezuela,Elec Kwh per capita,rig_count,us_inventories,days_of_supply,World Inventory Net With,oecd_inv,cot_ave,timespread,U.S. Heating Degree Days,gpr_index,Europe,china,Japan,india,World cons,us_oil_cons,oecd_cons,baltic,OVX,VIX,copper,DXY,eurusd,Nasdaq,Real Gross Domestic Product,US Non Mfg ISM,us_yield_curve,us_cons_conf,WTI
"Nov 01, 2023",29.445,9.6,13.21,10.62,1.15,1.31,0.73,30.5,523.0,250.715,27.8,-0.22,1587,224.2125,-3.95,488,92.525,16.14,16.14,3.4,5.49,101.85,20.46,46.43,1424.0,40.08,14.43,3.6292,105.87,1.0671,15187.9,22589,51.8,-0.41,96.45,1
"Oct 01, 2023",27.77,9.0,13.2,10.57,1.16,1.29,0.73,30.5,523.0,250.715,28.2,-1.75,1580,262.3,0.19,228,214.78,15.23,15.23,3.16,5.38,100.56,20.21,46.16,1483.0,41.99,18.14,3.649,106.66,1.0576,14409.78,22568,53.6,-0.157,102.6,0
"Sep 01, 2023",27.84,9.2,13.2,10.57,1.16,1.2,0.76,36.0,523.0,250.715,27.9,-0.13,1557,319.7,-9.54,46,98.88,16.14,16.14,3.13,5.27,101.61,19.71,45.8,827.0,32.24,17.52,3.7375,106.22,1.057,14715.24,22550,54.5,-0.473,103.0,1
"Aug 01, 2023",27.2,8.7,13.05,10.54,1.13,1.13,0.79,38.8,521.0,327.553,27.7,0.53,1561,309.12,-6.17,10,105.09,15.35,15.35,3.21,5.14,101.89,20.88,46.8,752.0,26.56,13.57,3.822,103.62,1.0841,15501.07,22500,52.7,-0.757,106.1,1
"Jul 01, 2023",27.47,9.17,12.96,10.62,1.15,1.25,0.76,38.2,534.0,351.181,27.9,-0.15,1563,243.575,-5.87,5,107.76,15.82,15.82,3.11,5.05,101.43,20.12,45.98,851.0,28.48,13.63,4.008,101.86,1.0993,15757.0,22430,53.9,-0.918,117.0,1
"Jun 01, 2023",28.29,10.05,12.89,10.62,1.15,1.26,0.76,33.8,551.0,360.039,27.7,0.16,1564,186.525,0.85,44,114.54,15.89,15.89,2.98,5.16,102.26,20.72,46.32,1014.0,33.28,13.59,3.7595,102.91,1.091,15179.21,22225,50.3,-1.063,109.7,0
"May 01, 2023",28.16,9.9,12.69,10.62,1.14,1.06,0.74,29.8,580.0,367.352,28.1,-0.34,1564,159.0,6.93,145,109.52,16.07,16.07,2.92,5.44,100.46,20.4,45.1,1105.0,40.68,17.94,3.637,104.33,1.0688,14254.09,22225,51.9,-0.763,102.3,0
"Apr 01, 2023",28.69,10.6,12.65,10.82,1.14,1.25,0.7,28.9,590.0,364.366,28.2,-1.93,1563,204.0,-6.07,297,110.05,16.3,16.3,3.19,5.53,99.56,20.04,44.59,1046.0,35.63,15.78,3.8812,101.66,1.102,13245.99,22225,51.2,-0.588,101.3,1
"Mar 01, 2023",28.64,10.25,12.77,10.92,1.16,1.26,0.67,30.6,591.0,373.708,27.3,-0.8,1515,235.675,3.9,585,109.85,15.98,15.98,3.51,5.45,100.68,20.08,45.75,1428.0,40.34,18.7,4.0945,102.51,1.0839,13181.35,22112,55.1,-0.565,104.2,0
"Feb 01, 2023",28.48,10.0,12.53,11.22,1.13,1.2,0.72,32.2,604.0,379.315,27.6,0.31,1532,197.24,1.9,621,126.81,16.08,16.08,3.91,5.53,101.49,19.76,46.07,1414.0,35.42,20.7,4.074,104.87,1.0576,12042.12,22112,55.2,-0.89,102.9,0
"Jan 01, 2023",28.27,9.8,12.57,11.07,1.15,1.14,0.67,32.3,616.0,367.898,28.9,-2.99,1564,243.8,-1.47,715,105.71,15.63,15.63,3.75,4.86,97.68,19.15,43.86,1275.0,38.55,19.4,4.226,102.1,1.0862,12101.93,22112,49.6,-0.695,107.1,1
"Dec 01, 2022",28.82,10.5,12.14,11.09,1.11,1.06,0.67,32.8,623.0,339.599,27.5,0.12,1544,230.45,6.14,782,113.54,15.87,15.87,4.0,5.3,100.64,19.33,45.97,1873.0,41.26,21.67,3.8105,103.52,1.0702,10939.76,21990,56.5,-0.549,108.3,0
"Nov 01, 2022",28.73,10.5,12.38,11.12,1.16,1.0,0.72,30.4,621.0,330.222,27.8,-1.79,1549,237.36,-0.99,513,118.4,15.38,15.38,3.45,5.25,99.79,20.21,45.95,2353.0,46.15,20.58,3.738,105.95,1.0405,12030.06,21990,54.4,-0.718,100.2,0
"Oct 01, 2022",29.2,10.5,12.38,10.97,1.15,0.97,0.67,29.8,609.0,349.045,28.2,-3.47,1536,265.1,-5.79,257,145.71,14.6,14.6,3.23,5.11,98.03,20.01,44.99,1827.0,47.41,25.88,3.375,111.53,0.9883,11405.57,21990,56.7,-0.436,102.5,1
"Sep 01, 2022",29.65,11.0,12.33,10.99,1.12,0.92,0.7,35.2,598.0,338.606,27.2,-0.83,1520,250.45,5.09,44,133.64,15.54,15.54,3.15,4.97,100.53,20.13,46.2,1477.0,55.69,31.62,3.4125,112.12,0.9799,10971.22,21851,56.9,-0.444,108.0,0
"Aug 01, 2022",29.53,10.95,11.99,10.87,0.6,1.02,0.62,38.9,601.0,331.192,27.0,-0.73,1497,227.36,-1.68,6,134.87,14.68,14.68,3.31,4.85,100.24,20.27,46.59,1512.0,52.11,25.87,3.519,108.7,1.0057,12272.03,21851,56.7,-0.299,103.2,0
"Jul 01, 2022",28.52,10.6,11.83,11.0,0.65,1.07,0.7,38.9,599.0,329.414,27.2,-0.87,1495,231.4,5.09,4,118.79,15.07,15.07,3.1,4.85,99.47,19.93,45.86,1466.0,46.19,21.33,3.575,105.9,1.0218,12947.98,21851,55.3,-0.233,95.7,0
"Jun 01, 2022",28.3,10.35,11.8,10.98,0.73,1.05,0.72,35.9,583.0,327.081,26.5,1.22,1477,275.78,-12.56,26,134.28,15.08,15.08,3.12,4.81,100.34,20.43,45.99,1234.0,48.9,28.71,3.71,104.68,1.0482,11503.72,21708,55.9,0.062,98.7,1
"May 01, 2022",28.1,10.25,11.73,10.47,0.91,1.2,0.75,31.1,568.0,326.757,27.1,-0.36,1494,313.425,-11.24,123,143.9,15.18,15.18,2.95,5.21,98.34,19.84,44.88,1119.0,49.82,26.19,4.299,101.75,1.0733,12642.1,21708,57.1,0.286,106.4,1
"Apr 01, 2022",28.59,10.3,11.77,10.32,1.08,1.22,0.72,29.7,546.0,327.358,27.3,-1.65,1501,323.225,-2.36,342,194.41,15.04,15.04,3.01,4.94,97.13,19.73,44.47,1253.0,53.1,33.4,4.4085,102.96,1.0541,12854.8,21708,58.3,0.207,107.3,0
"Mar 01, 2022",28.21,10.0,11.81,11.29,1.13,1.33,0.7,30.7,525.0,329.142,26.4,-0.99,1450,311.18,-21.73,524,325.22,14.75,14.75,3.5,5.07,98.64,20.48,46.07,1279.0,57.66,20.56,4.752,98.31,1.1065,14838.49,21739,56.5,0.01,107.2,1
"Feb 01, 2022",28.57,10.25,11.26,11.33,0.98,1.28,0.68,34.0,514.0,320.05,26.2,1.06,1452,353.05,-11.17,710,219.06,15.41,15.41,3.83,5.25,100.05,20.19,46.53,1343.0,52.5,30.15,4.4545,96.71,1.1219,14237.81,21739,59.9,0.386,110.5,1
"Jan 01, 2022",27.82,10.0,11.48,11.28,1.05,1.29,0.75,34.1,490.0,321.154,27.3,-1.44,1455,354.85,-12.48,913,141.19,15.22,15.22,3.79,4.79,96.83,19.61,44.38,689.0,42.35,24.83,4.3265,96.54,1.1233,14930.05,21739,62.0,0.599,113.8,1
"Dec 01, 2021",27.87,9.9,11.68,11.18,1.14,1.35,0.68,31.0,475.0,334.801,26.2,2.55,1441,358.18,4.4,616,108.53,15.94,15.94,4.13,4.85,100.8,20.66,47.65,786.0,42.62,17.22,4.4635,95.97,1.1368,16320.08,21848,69.1,0.778,115.8,0
"Nov 01, 2021",27.75,9.9,11.78,11.18,1.16,1.28,0.6,30.0,458.0,342.775,27.5,0.58,1497,360.45,-0.59,509,89.14,15.5,15.5,3.51,4.79,99.28,20.57,46.68,721.0,75.23,27.19,4.2805,95.99,1.1336,16135.92,21848,66.7,0.889,109.5,0
"Oct 01, 2021",27.38,9.8,11.56,11.12,1.16,1.32,0.53,30.4,439.0,344.666,28.1,-0.08,1500,416.025,-11.11,180,80.95,14.59,14.59,3.33,4.695,97.99,20.38,46.11,797.0,37.92,16.26,4.359,94.12,1.1561,15850.47,21848,61.9,1.06,113.8,1
"Sep 01, 2021",27.11,9.65,10.92,10.99,1.18,1.17,0.53,34.9,407.0,330.908,27.9,2.33,1508,406.04,-5.05,40,81.63,15.49,15.49,3.31,4.6,99.06,20.14,46.09,626.0,38.68,23.14,4.089,94.23,1.1581,14689.62,21483,61.7,1.211,109.3,1
"Aug 01, 2021",26.7,9.55,11.28,10.7,1.19,1.34,0.54,38.2,400.0,329.82,28.7,1.6,1562,354.2,2.35,6,90.61,14.7,14.7,3.1,4.48,98.09,20.57,45.74,610.0,34.28,16.48,4.37,92.63,1.1807,15582.51,21483,64.1,1.096,113.8,0
"Jul 01, 2021",26.72,9.45,11.39,10.73,1.18,1.31,0.55,37.6,381.0,346.031,28.9,1.23,1566,402.375,-2.98,5,60.6,15.16,15.16,3.11,4.41,98.28,20.17,45.6,604.0,32.85,18.24,4.4655,92.17,1.187,14959.9,21483,60.1,1.038,129.1,1
"Jun 01, 2021",26.02,8.95,11.37,10.68,1.17,1.34,0.54,35.2,367.0,356.014,29.1,3.16,1592,483.5,-6.99,12,75.58,15.22,15.22,3.05,4.51,98.69,20.59,45.6,598.0,32.74,15.83,4.289,92.44,1.1855,14554.8,21310,64.0,1.216,127.3,1
"May 01, 2021",25.46,8.48,11.39,10.72,1.14,1.3,0.49,29.3,353.0,383.875,30.6,0.92,1627,509.3333333,-3.96,151,94.02,15.39,15.39,2.92,4.75,95.89,20.05,43.3,604.0,33.54,16.76,4.681,90.03,1.2225,13686.51,21310,62.7,1.44,117.2,1
"Apr 01, 2021",25.0,8.15,11.32,10.73,1.21,1.35,0.53,28.4,341.0,392.837,30.5,1.48,1613,487.0,-0.11,308,90.58,15.62,15.62,3.25,4.83,95.49,19.74,43.32,606.0,38.39,18.61,4.468,91.28,1.2018,13860.76,21310,63.7,1.464,121.7,0
"Mar 01, 2021",25.02,8.15,11.35,10.51,1.19,1.36,0.54,29.8,315.0,407.071,30.5,1.68,1605,505.08,-4.16,508,79.94,15.3,15.3,3.62,4.76,95.51,19.13,43.7,710.0,45.65,19.4,4.0,93.23,1.1728,13091.44,20991,55.3,1.582,109.7,1
"Feb 01, 2021",24.88,8.2,9.92,10.35,1.15,1.22,0.5,33.3,305.0,396.224,31.6,3.4,1665,526.225,-7.2,794,74.36,15.39,15.39,3.87,4.85,93.91,17.7,41.91,669.0,42.49,27.95,4.0925,90.88,1.2074,12909.44,20991,58.7,1.278,91.3,1
"Jan 01, 2021",25.3,9.1,11.14,10.4,1.24,1.35,0.41,32.5,287.0,388.046,32.8,-1.38,1700,510.0,-4.59,805,78.42,14.94,14.94,3.81,4.5,92.5,18.81,41.79,517.0,40.2,33.09,3.558,90.58,1.2136,12925.38,20991,57.2,0.96,89.3,1
"Dec 01, 2020",25.25,9.01,11.17,10.29,1.08,1.45,0.4,31.8,260.0,397.861,32.2,1.02,1685,514.24,-5.07,751,64.07,15.71,15.71,3.97,4.62,94.1,18.8,43.11,466.0,37.83,22.75,3.519,89.94,1.2213,12888.28,20724,55.9,0.793,88.6,1
"Nov 01, 2020",25.07,9.01,11.2,10.25,0.44,1.52,0.38,29.0,234.0,410.256,33.3,0.09,1712,518.675,-0.42,423,70.07,15.28,15.28,3.51,4.57,93.21,18.74,42.76,458.0,47.37,20.57,3.4335,91.87,1.1928,12268.32,20724,56.6,0.692,96.1,1
"Oct 01, 2020",24.32,9.01,10.46,10.23,0.13,1.47,0.34,29.9,204.0,403.471,33.7,0.98,1733,477.35,1.27,248,76.08,14.34,14.34,3.23,4.475,92.43,18.61,42.73,411.0,68.84,38.02,3.0515,94.04,1.1647,11052.95,20724,57.8,0.718,100.9,0
"Sep 01, 2020",23.98,9.01,10.93,10.2,0.09,1.45,0.36,33.5,181.0,405.059,34.0,2.15,1748,473.72,3.65,58,80.38,15.14,15.14,3.14,4.38,93.33,18.41,42.67,435.0,44.0,26.37,3.0325,93.89,1.1718,11418.06,20512,56.9,0.555,101.8,0
"Aug 01, 2020",23.94,8.9,10.58,10.1,0.1,1.4,0.36,37.1,178.0,407.988,34.9,0.78,1771,465.7,-1.05,7,65.47,14.33,14.33,3.11,4.27,91.87,18.56,41.83,474.0,32.59,26.41,3.0555,92.14,1.1936,12110.7,20512,58.1,0.573,84.8,1
"Jul 01, 2020",22.98,8.4,11.0,9.61,0.08,1.42,0.38,38.1,181.0,423.582,34.8,2.1,1758,517.15,-1.81,5,66.47,14.49,14.49,3.06,4.2,92.24,18.38,42.17,506.0,44.43,24.46,2.877,93.35,1.1774,10905.88,20512,57.1,0.424,92.6,1
"Jun 01, 2020",22.35,7.7,10.45,9.56,0.08,1.57,0.53,33.3,196.0,432.034,35.6,1.91,1749,540.08,-7.21,25,71.23,13.95,13.95,2.94,4.29,90.2,17.58,40.34,462.0,57.66,30.43,2.7285,97.39,1.1231,10156.85,19035,45.4,0.504,98.1,1
"May 01, 2020",24.31,8.55,9.71,9.63,0.09,1.65,0.6,27.8,267.0,426.048,37.1,-1.63,1774,560.85,0.61,157,68.51,14.13,14.13,2.8,4.53,86.53,16.08,37.12,713.0,69.23,27.51,2.4345,98.34,1.1098,9555.52,19035,41.8,0.489,86.6,1
"Apr 01, 2020",30.18,11.6,11.91,11.56,0.1,1.7,0.65,27.5,471.0,428.205,37.2,-15.64,1715,549.44,17.21,360,69.34,14.16,14.16,3.16,4.6,83.8,14.55,34.99,1236.0,104.98,34.15,2.344,99.02,1.0955,9000.51,19035,52.5,0.445,86.9,0
"Mar 01, 2020",28.19,9.8,12.8,11.52,0.15,1.72,0.8,29.5,663.0,379.387,32.5,-8.68,1644,504.475,21.87,485,81.54,13.56,13.56,3.54,4.54,91.38,18.46,43.2,1394.0,170.55,53.54,2.232,99.05,1.1029,7813.5,20666,57.3,0.415,120.0,0
"Feb 01, 2020",27.95,9.75,12.84,11.52,0.78,1.75,0.85,32.1,678.0,354.432,30.1,-4.21,1592,413.0,6.61,653,75.96,13.74,13.74,4.07,4.62,95.61,20.13,47.18,796.0,51.25,40.11,2.54,98.13,1.1025,8461.83,20666,55.5,0.232,130.7,0
"Jan 01, 2020",28.67,9.85,12.85,11.54,1.15,1.65,0.85,32.2,671.0,346.333,30.8,-6.69,1601,409.375,1.53,741,138.42,14.36,14.36,3.83,4.29,94.31,19.93,46.05,882.0,40.35,18.84,2.52,97.39,1.1093,8991.51,20666,55.0,0.186,131.6,0
"Dec 01, 2019",28.91,9.75,12.98,11.5,1.19,1.67,0.7,31.6,673.0,335.628,28.3,0.31,1594,526.02,-3.25,717,74.28,14.62,14.62,4.27,5.18,101.76,20.44,47.75,1597.0,28.3,13.78,2.797,96.39,1.121,8733.07,20951,53.9,0.348,126.5,1
"Nov 01, 2019",29.0,9.9,13.0,11.48,1.17,1.68,0.65,30.2,678.0,351.294,28.5,-0.4,1602,493.44,-3.29,591,73.08,14.23,14.23,3.86,5.11,101.33,20.74,47.87,1267.0,36.73,12.62,2.656,98.27,1.1015,8403.68,20951,54.7,0.162,125.5,1
"Oct 01, 2019",29.14,9.85,12.8,11.46,1.18,1.7,0.65,31.4,708.0,347.654,28.6,-0.53,1591,411.0,2.01,255,97.84,13.38,13.38,3.47,4.975,100.55,20.71,47.79,1040.0,35.84,13.22,2.6425,97.35,1.115,8083.83,20951,52.6,0.162,125.9,0
"Sep 01, 2019",27.68,8.5,12.58,11.49,1.08,1.75,0.75,35.8,726.0,334.364,29.0,1.8,1629,366.875,-2.77,41,90.37,14.22,14.22,3.6,4.84,101.01,20.25,47.42,961.0,38.75,16.24,2.5785,99.38,1.0898,7749.45,20818,56.4,0.042,125.1,1
"Aug 01, 2019",29.25,9.85,12.48,11.53,1.13,1.67,0.8,37.8,760.0,335.87,29.0,1.37,1663,415.925,2.77,10,103.4,13.48,13.48,3.54,4.5,102.25,21.16,48.8,656.0,32.16,18.98,2.547,98.92,1.0989,7691.0,20818,53.7,-0.011,135.1,0
"Jul 01, 2019",29.0,9.75,11.9,11.38,1.1,1.7,0.8,38.2,782.0,344.535,28.7,2.55,1629,390.24,-2.47,5,93.52,13.91,13.91,3.51,4.83,102.3,20.73,48.55,621.0,30.77,16.12,2.6715,98.52,1.1074,7848.78,20818,55.1,0.139,135.7,1
"Jun 01, 2019",29.43,10.0,12.22,11.38,1.16,1.58,0.75,33.9,790.0,361.585,28.8,0.94,1613,401.15,6.26,34,106.59,13.96,13.96,3.42,4.95,101.21,20.65,47.41,680.0,39.46,15.08,2.7135,96.13,1.1368,7671.07,20585,56.9,0.25,121.5,0
"May 01, 2019",29.34,9.9,12.15,11.34,1.17,1.68,0.83,30.3,802.0,374.536,29.0,0.37,1603,373.45,3.03,159,106.47,14.12,14.12,3.43,4.85,100.23,20.39,46.72,636.0,46.91,18.71,2.6405,97.75,1.1167,7127.96,20585,55.5,0.209,134.1,0
"Apr 01, 2019",29.66,9.85,12.14,11.46,1.09,1.61,0.85,28.9,824.0,364.639,28.5,0.37,1600,484.7,-4.76,289,79.25,14.33,14.33,3.69,5.19,100.42,20.33,47.54,634.0,29.31,13.12,2.904,97.48,1.1215,7781.46,20585,56.1,0.238,129.2,1
"Mar 01, 2019",29.61,9.85,11.91,11.53,0.86,1.58,1.09,30.9,830.0,359.3,28.7,-0.24,1614,515.2,-1.78,634,82.33,14.04,14.04,3.9,4.96,99.47,20.18,46.83,648.0,26.75,13.71,2.9395,97.28,1.1217,7378.77,20415,59.7,0.141,124.1,1
"Feb 01, 2019",30.09,10.1,11.65,11.56,0.83,1.55,1.22,33.5,853.0,353.134,28.5,0.94,1615,377.68,-2.54,721,96.8,14.12,14.12,4.39,4.62,100.62,20.28,48.32,781.0,30.27,14.7,2.948,96.16,1.137,7097.52,20415,56.7,0.199,131.4,1
"Jan 01, 2019",30.11,10.05,11.87,11.6,0.88,1.62,1.25,33.6,866.0,347.511,28.8,-0.28,1601,310.0,-1.81,861,87.42,13.7,13.7,4.13,4.88,99.59,20.61,47.96,848.0,34.97,16.57,2.789,95.58,1.1444,6906.84,20415,57.6,0.169,120.2,1
"Dec 01, 2018",30.82,10.5,11.94,11.68,1.13,1.59,1.28,32.0,880.0,346.307,28.5,-1.4,1600,316.4,7.59,733,90.61,14.22,14.22,4.27,5.03,100.2,20.33,47.05,1252.0,51.87,25.42,2.631,96.17,1.1469,6329.97,20305,60.7,0.19,128.1,0
"Nov 01, 2018",31.6,11.0,11.89,11.6,1.08,1.6,1.3,30.8,884.0,348.59,28.3,-1.74,1589,386.58,13.75,595,80.41,13.83,13.83,3.94,4.82,100.47,20.77,48.01,1132.0,56.04,18.07,2.7865,97.27,1.1315,6949.01,20305,60.3,0.196,135.7,0
"Oct 01, 2018",31.84,10.72,11.51,11.64,1.08,1.64,1.33,31.6,870.0,333.502,28.4,-2.0,1588,506.375,-1.32,254,92.02,13.01,13.01,3.7,4.8,100.12,20.79,48.09,1157.0,30.12,21.23,2.667,97.13,1.131,6967.1,20305,61.6,0.278,137.9,1
"Sep 01, 2018",31.67,10.52,11.44,11.59,0.99,1.54,1.36,35.6,864.0,313.265,28.5,-1.07,1584,550.0,-3.72,38,75.05,13.82,13.82,3.57,4.78,100.17,20.08,47.28,791.0,26.73,12.12,2.805,95.13,1.1608,7627.65,20276,58.5,0.242,138.4,1
"Aug 01, 2018",31.53,10.42,11.39,11.44,0.66,1.47,1.41,38.9,864.0,305.023,28.1,-0.05,1620,576.96,-0.78,7,112.74,13.1,13.1,3.67,4.5,101.45,21.36,48.94,786.0,25.02,12.86,2.6645,95.14,1.1599,7654.55,20276,55.7,0.231,133.4,0
"Jul 01, 2018",31.29,10.48,10.9,11.44,0.75,1.42,1.44,38.3,861.0,307.9,27.9,0.15,1612,638.25,-5.18,4,110.03,13.51,13.51,3.58,4.58,101.09,20.67,48.29,768.0,26.52,12.83,2.8405,94.49,1.1691,7231.98,20276,59.1,0.288,127.4,1
"Jun 01, 2018",31.23,10.42,10.64,11.29,0.99,1.49,1.5,35.7,861.0,311.78,27.8,0.53,1595,598.54,1.19,26,103.97,13.56,13.56,3.31,4.68,100.68,20.77,47.63,712.0,27.18,16.09,2.966,94.64,1.1683,7040.8,20150,58.6,0.328,126.4,0
"May 01, 2018",31.23,10.12,10.43,11.2,1.0,1.67,1.53,31.1,845.0,326.684,28.2,0.22,1603,662.1,-4.49,86,125.67,13.72,13.72,3.51,4.77,99.67,20.25,47.01,754.0,27.61,15.43,3.075,93.99,1.169,6967.73,20150,56.8,0.425,128.0,1
"Apr 01, 2018",31.34,10.06,10.5,11.19,0.98,1.69,1.56,29.6,817.0,332.065,28.4,-0.5,1607,711.775,-4.12,412,123.26,13.91,13.91,3.68,5.01,98.95,20.04,46.92,656.0,28.28,15.93,3.074,91.84,1.2077,6605.57,20150,58.8,0.463,128.7,1
"Mar 01, 2018",31.41,10.05,10.47,11.19,0.99,1.72,1.6,30.5,799.0,324.875,28.1,0.66,1609,695.72,-1.52,611,111.96,13.63,13.63,4.09,4.78,99.94,20.73,48.08,661.0,25.07,19.97,3.037,89.97,1.2321,6581.13,20044,59.5,0.471,127.7,1
"Feb 01, 2018",31.59,10.1,10.26,11.18,1.01,1.75,1.64,33.3,788.0,324.255,28.6,0.8,1638,718.85,0.78,627,64.49,13.71,13.71,4.62,4.55,99.75,19.69,48.18,658.0,26.92,19.85,3.1325,90.61,1.2193,6854.42,20044,59.9,0.606,130.8,0
"Jan 01, 2018",31.76,10.16,10.0,11.18,0.92,1.75,1.64,35.3,750.0,317.77,29.2,-0.58,1651,676.575,-5.8,899,92.43,13.3,13.3,4.32,4.67,98.13,20.56,47.34,664.0,22.23,13.54,3.2065,89.13,1.242,6949.99,20044,55.9,0.564,125.4,1
"Dec 01, 2017",31.48,10.06,9.98,11.15,0.99,1.73,1.85,32.1,748.0,321.901,28.5,1.62,1620,613.88,-1.08,800,82.72,12.86,12.86,4.56,4.7,99.83,20.32,48.48,827.0,21.32,11.04,3.3005,92.12,1.1996,6396.42,19882,57.4,0.518,122.1,1
"Nov 01, 2017",31.63,10.11,10.08,11.13,0.96,1.69,1.89,30.2,738.0,349.42,28.6,2.26,1639,555.425,-4.36,492,92.6,14.32,14.32,4.15,4.78,101.4,20.31,48.55,806.0,25.95,11.28,3.0555,93.05,1.1902,6365.56,19882,60.1,0.625,129.5,1
"Oct 01, 2017",31.87,10.16,9.67,11.13,0.93,1.71,1.94,30.8,741.0,357.506,29.6,0.09,1649,434.425,-0.7,193,91.46,12.83,12.83,3.65,4.675,98.76,19.97,47.37,871.0,25.31,10.18,3.108,94.55,1.1644,6248.56,19882,59.8,0.778,125.9,1
"Sep 01, 2017",32.06,10.19,9.52,11.17,0.89,1.68,1.96,34.1,752.0,369.267,29.5,2.31,1662,398.94,-1.14,44,115.53,13.84,13.84,3.68,4.57,100.39,19.63,47.63,776.0,26.83,9.51,2.955,93.08,1.1812,5979.3,19661,55.3,0.848,119.8,1
"Aug 01, 2017",31.92,10.14,9.25,11.17,1.0,1.66,1.96,37.0,764.0,361.092,30.2,1.42,1697,469.075,-0.82,15,138.53,12.54,12.54,3.75,4.51,99.47,20.27,47.99,677.0,29.1,10.59,3.094,92.67,1.1908,5988.6,19661,53.9,0.792,122.9,1
"Jul 01, 2017",32.05,10.2,9.25,11.17,0.85,1.56,1.96,37.8,765.0,380.246,30.5,0.49,1707,379.7,-0.76,5,102.81,12.7,12.7,3.64,4.4,99.2,20.13,47.71,639.0,30.84,10.26,2.9,92.86,1.184,5880.33,19661,57.4,0.941,121.1,1
"Jun 01, 2017",31.83,10.25,9.11,11.23,0.78,1.52,1.98,34.9,747.0,397.861,29.8,3.17,1688,354.26,4.16,25,126.79,13.59,13.59,3.53,4.24,101.24,20.57,48.19,663.0,28.7,11.18,2.711,95.63,1.1423,5646.92,19507,56.9,0.918,118.9,0
"May 01, 2017",31.4,10.05,9.19,11.28,0.54,1.38,1.98,30.1,714.0,411.133,30.7,2.05,1706,350.975,3.61,154,102.58,13.68,13.68,3.56,4.55,99.45,20.05,47.18,768.0,32.29,10.41,2.5865,96.92,1.1241,5788.8,19507,57.5,0.92,117.9,0
"Apr 01, 2017",30.9,9.98,9.1,11.34,0.59,1.33,1.99,29.2,685.0,420.055,31.5,0.55,1714,425.275,-0.15,248,119.46,13.07,13.07,3.85,4.76,96.97,19.62,46.17,785.0,28.55,10.82,2.6075,99.05,1.0895,5583.53,19507,55.2,1.019,120.3,1
"Mar 01, 2017",30.82,9.95,9.16,11.36,0.69,1.43,1.99,30.2,634.0,430.638,30.6,2.54,1695,456.84,5.31,545,96.64,13.44,13.44,4.28,4.59,99.2,20.06,47.78,790.0,27.59,12.37,2.66,100.35,1.0649,5436.23,19398,57.6,1.127,125.6,0
"Feb 01, 2017",31.19,10.0,9.09,11.18,0.68,1.39,2.0,31.6,593.0,420.491,31.5,0.28,1710,508.7,1.25,548,114.21,12.82,12.82,4.56,4.59,97.22,19.15,47.01,835.0,25.46,12.92,2.714,101.12,1.0575,5330.31,19398,56.5,1.133,114.8,1
"Jan 01, 2017",31.31,9.98,8.87,11.46,0.62,1.35,2.05,32.9,542.0,403.015,32.1,-1.52,1716,455.225,2.14,768,105.2,12.76,12.76,4.17,4.11,95.5,19.29,46.03,901.0,31.33,11.99,2.7335,99.51,1.0795,5116.77,19398,57.2,1.254,111.8,1
"Dec 01, 2016",32.25,10.5,8.82,11.45,0.58,1.5,2.08,32.1,507.0,387.832,30.2,1.27,1664,393.98,-3.99,784,102.18,13.53,13.53,4.59,4.15,99.2,19.99,48.22,919.0,30.83,14.04,2.5055,102.21,1.0513,4863.62,19304,57.2,1.248,113.7,1
"Nov 01, 2016",32.39,10.6,8.9,11.46,0.55,1.41,2.09,29.7,462.0,386.919,31.1,-1.29,1683,296.125,5.81,419,82.92,12.93,12.93,4.15,4.33,97.8,19.69,47.28,891.0,44.25,13.33,2.6295,101.5,1.0585,4810.81,19304,54.8,1.271,107.1,0
"Oct 01, 2016",32.0,10.55,8.8,11.45,0.31,1.27,2.1,30.7,436.0,386.131,32.0,-2.17,1707,397.075,-2.72,198,85.75,11.56,11.56,3.77,4.285,95.77,19.68,46.72,656.0,40.96,17.06,2.208,98.44,1.0979,4801.27,19304,57.1,0.981,98.6,1
"Sep 01, 2016",31.74,10.56,8.54,11.35,0.25,1.21,2.11,35.9,416.0,368.856,31.6,0.44,1720,302.18,1.7,39,104.55,12.65,12.65,3.72,4.24,97.16,19.77,47.24,625.0,39.31,13.29,2.2105,95.46,1.1238,4875.7,19198,51.4,0.832,104.1,1
"Aug 01, 2016",31.68,10.6,8.69,10.97,0.31,1.34,2.12,39.3,397.0,383.34,31.2,2.79,1732,296.675,2.15,6,98.74,12.56,12.56,3.86,3.95,99.36,20.26,48.14,515.0,39.5,13.42,2.075,96.02,1.1156,4771.06,19198,55.5,0.769,101.1,1
"Jul 01, 2016",31.81,10.63,8.66,10.93,0.33,1.44,2.18,38.4,359.0,385.674,32.4,-1.41,1747,292.32,5.76,6,114.61,11.92,11.92,3.78,4.28,96.16,19.75,46.56,541.0,41.08,11.87,2.225,95.53,1.117,4730.23,19198,56.5,0.791,97.3,0
"Jun 01, 2016",31.73,10.5,8.68,11.15,0.28,1.31,2.2,35.3,330.0,391.712,31.6,0.37,1713,325.85,-0.58,21,90.17,12.46,12.46,3.56,4.01,96.89,19.83,46.59,691.0,38.09,15.63,2.1955,96.14,1.1104,4417.7,19063,52.9,0.889,98.0,1
"May 01, 2016",31.29,10.3,8.83,11.16,0.33,1.57,2.3,29.6,320.0,402.292,31.8,0.14,1709,331.85,-3.19,151,88.33,12.89,12.89,3.58,4.3,96.14,19.33,45.54,753.0,38.08,14.19,2.1,95.89,1.1129,4523.89,19063,55.7,0.968,92.6,1
"Apr 01, 2016",31.27,10.2,8.87,11.2,0.32,1.58,2.3,29.0,348.0,402.238,31.4,0.28,1699,310.66,0.39,310,85.22,13.17,13.17,3.97,4.28,96.72,19.35,46.21,730.0,42.52,15.7,2.2835,93.08,1.1454,4341.3,19063,54.5,1.053,94.2,1
"Mar 01, 2016",31.16,10.2,9.1,11.3,0.36,1.78,2.3,29.8,384.0,398.409,31.1,0.55,1699,258.675,-2.15,451,109.72,12.63,12.63,4.4,4.31,97.15,19.75,47.16,840.0,45.91,13.95,2.188,94.59,1.1378,4483.65,19002,53.4,1.045,96.2,1
"Feb 01, 2016",31.07,10.2,9.06,11.26,0.37,1.82,2.3,33.0,430.0,378.043,30.9,1.55,1715,187.425,4.91,630,103.75,13.19,13.19,4.68,4.43,98.12,19.84,47.76,730.0,60.01,20.55,2.1325,98.21,1.0871,4201.12,19002,53.5,0.953,92.2,0
"Jan 01, 2016",31.49,10.2,9.2,11.26,0.37,1.74,2.4,33.4,510.0,364.798,32.5,-4.22,1715,185.84,8.84,872,118.21,11.24,11.24,4.39,4.11,93.13,19.06,45.51,817.0,61.86,20.2,2.0705,99.61,1.0834,4279.17,19002,55.3,1.145,98.1,0
"Dec 01, 2015",31.1,10.1,9.27,11.19,0.38,1.83,2.4,31.1,537.0,344.259,30.2,0.75,1688,202.45,8.77,582,148.24,13.14,13.14,4.66,4.04,98.38,19.6,47.48,869.0,46.57,18.21,2.135,98.63,1.086,4593.27,18892,55.9,1.217,96.5,0
"Nov 01, 2015",31.12,10.1,9.33,11.14,0.41,1.8,2.4,29.8,566.0,349.187,31.2,-3.0,1666,231.275,5.86,446,150.72,11.5,11.5,4.03,3.91,94.64,19.11,45.82,907.0,48.14,16.13,2.046,100.17,1.0563,4664.51,18892,59.1,1.274,90.4,0
"Oct 01, 2015",30.99,10.2,9.4,11.12,0.38,1.77,2.4,30.9,597.0,345.007,30.9,-2.01,1663,252.56,0.96,228,91.93,11.45,11.45,3.88,3.925,95.2,19.47,46.4,788.0,41.95,15.07,2.3235,96.95,1.1005,4648.83,18892,56.9,1.418,97.6,1
"Sep 01, 2015",31.22,10.25,9.48,10.99,0.36,1.75,2.4,35.8,650.0,324.002,30.3,-0.03,1668,237.625,-0.34,32,98.77,12.1,12.1,3.91,3.94,97.01,19.44,46.87,715.0,45.52,24.5,2.341,96.35,1.1176,4181.06,18857,59.0,1.406,103.0,1
"Aug 01, 2015",31.09,10.25,9.41,11.05,0.4,1.79,2.4,37.7,673.0,320.753,30.6,-1.61,1671,224.775,9.51,11,82.48,11.46,11.46,3.97,3.94,95.75,19.93,47.02,598.0,54.37,28.43,2.3385,95.82,1.1211,4274.58,18857,60.3,1.475,101.5,0
"Jul 01, 2015",31.3,10.36,9.44,11.0,0.41,1.62,2.4,37.8,649.0,323.037,29.5,-0.12,1632,277.18,9.88,6,106.81,12.84,12.84,3.85,3.65,97.3,20.12,47.26,755.0,38.82,12.12,2.369,97.34,1.0987,4588.91,18857,56.0,1.518,90.9,0
"Jun 01, 2015",31.09,10.45,9.36,10.96,0.43,1.73,2.4,35.2,634.0,332.961,29.4,0.39,1621,329.975,1.09,24,85.91,12.73,12.73,3.73,3.68,97.28,19.85,46.51,976.0,32.43,18.23,2.615,95.49,1.1135,4396.76,18782,55.7,1.704,101.4,1
"May 01, 2015",30.64,10.3,9.47,11.05,0.51,1.74,2.4,30.1,662.0,342.063,30.9,-3.56,1631,330.42,-1.43,119,76.26,10.68,10.68,3.65,3.89,92.64,19.32,44.74,857.0,33.74,13.84,2.733,96.91,1.0987,4508.25,18782,57.8,1.514,95.4,1
"Apr 01, 2015",30.39,10.1,9.66,10.89,0.47,1.74,2.4,29.8,750.0,345.637,29.4,-0.85,1589,271.0,-2.01,300,102.19,12.74,12.74,4.21,3.92,95.2,19.26,45.96,754.0,36.28,14.55,2.8865,94.6,1.1222,4414.25,18782,56.5,1.46,95.2,1
"Mar 01, 2015",30.24,10.1,9.58,11.04,0.36,1.79,2.4,31.9,857.0,336.882,29.7,-2.51,1587,243.35,6.63,585,104.24,11.24,11.24,4.55,3.87,93.43,19.35,46.37,809.0,53.72,15.29,2.741,98.36,1.073,4333.69,18667,56.9,1.368,101.3,0
"Feb 01, 2015",29.41,9.7,9.49,10.96,0.37,1.8,2.4,35.5,1050.0,312.032,28.2,1.31,1564,278.225,-0.96,869,111.92,12.01,12.01,5.09,4.01,96.23,19.67,47.96,841.0,55.85,13.34,2.6915,95.32,1.1193,4440.67,18667,56.7,1.375,96.4,1
"Jan 01, 2015",29.51,9.6,9.38,11.02,0.51,1.91,2.4,34.5,1332.0,284.194,29.3,-2.0,1571,274.48,13.03,892,111.99,11.65,11.65,4.57,3.57,93.05,19.27,45.83,863.0,58.62,20.97,2.4955,94.8,1.1286,4148.43,18667,56.2,1.186,102.9,0
"Dec 01, 2014",29.9,9.6,9.56,10.95,0.61,1.83,2.4,32.5,1528.0,261.12,27.8,0.42,1558,273.125,16.6,707,86.53,12.86,12.86,5.02,3.73,96.69,19.49,47.07,862.0,50.24,19.2,2.8255,90.27,1.2097,4236.28,18500,59.3,1.498,92.6,0
"Nov 01, 2014",29.63,9.6,9.32,10.93,0.95,1.9,2.4,31.0,1573.0,253.191,28.7,-1.95,1572,263.425,7.19,615,84.38,11.75,11.75,4.28,3.68,93.64,19.39,45.6,866.0,36.44,13.33,2.856,88.36,1.245,4337.78,18500,57.1,1.697,88.7,0
"Oct 01, 2014",30.18,9.7,9.26,10.93,0.79,1.8,2.4,31.1,1593.0,250.981,28.6,-2.31,1577,283.16,6.99,221,83.66,10.92,10.92,3.93,3.51,93.74,19.7,46.46,809.0,30.52,14.03,3.047,86.92,1.2524,4158.21,18500,58.6,1.838,94.5,0
"Sep 01, 2014",29.89,9.6,9.09,10.83,0.53,1.89,2.4,35.4,1592.0,236.438,28.4,0.39,1592,299.0,1.06,57,131.56,12.3,12.3,3.78,3.34,95.18,19.2,45.9,623.0,21.52,16.31,3.0075,85.94,1.2631,4049.45,18407,59.6,1.92,86.0,0
"Aug 01, 2014",29.64,9.7,8.93,10.8,0.43,1.81,2.4,36.9,1578.0,239.127,28.8,-0.64,1594,335.44,3.36,13,136.45,11.06,11.06,3.88,3.41,93.67,19.37,45.67,699.0,16.68,11.98,3.153,82.75,1.3132,4082.56,18407,58.7,1.853,92.4,0
"Jul 01, 2014",29.34,9.8,8.85,10.73,0.23,1.9,2.4,36.9,1560.0,241.787,28.2,-0.04,1556,410.425,-1.05,10,138.75,10.71,10.71,3.91,3.33,93.82,19.25,46.18,833.0,18.78,16.95,3.236,81.46,1.3388,3892.5,18407,56.0,2.031,90.9,0
"Jun 01, 2014",29.09,9.65,8.74,10.84,0.23,1.9,2.4,35.0,1545.0,255.364,28.2,-0.15,1545,437.7,-6.6,28,98.77,10.9,10.9,3.76,3.42,93.44,18.88,45.14,724.0,16.52,11.57,3.2035,79.78,1.3691,3849.48,18186,56.3,2.075,85.2,1
"May 01, 2014",29.06,9.65,8.65,10.83,0.21,1.88,2.4,30.7,1530.0,262.031,28.5,-0.25,1556,401.28,-2.66,127,83.43,11.29,11.29,3.77,3.67,92.58,18.6,44.37,657.0,15.61,11.4,3.1205,80.37,1.363,3736.82,18186,55.2,2.1,83.0,1
"Apr 01, 2014",28.76,9.65,8.53,10.83,0.25,1.86,2.4,30.1,1515.0,264.917,27.6,0.93,1524,402.825,-3.93,325,93.22,12.12,12.12,4.04,3.74,93.33,18.83,45.06,648.0,19.37,13.41,3.0275,79.47,1.3866,3582.02,18186,53.1,2.232,82.3,1
"Mar 01, 2014",28.92,9.65,8.3,10.85,0.38,1.88,2.4,31.9,1466.0,256.459,28.0,-0.57,1539,402.025,-2.41,684,119.84,10.21,10.21,4.84,3.54,91.51,18.45,45.41,700.0,19.26,13.88,3.0245,80.1,1.377,3595.74,17954,51.6,2.297,82.3,0
"Feb 01, 2014",29.42,9.85,8.14,10.85,0.51,1.93,2.4,36.0,1424.0,254.029,27.2,1.31,1542,393.825,-6.89,800,69.0,10.91,10.91,5.26,3.63,94.05,18.9,46.59,726.0,18.71,14.0,3.1875,79.69,1.3802,3696.1,17954,54.0,2.324,78.1,1
"Jan 01, 2014",29.28,9.9,8.08,10.88,0.23,1.81,2.4,35.9,1403.0,244.917,27.5,0.58,1539,340.96,2.89,971,77.92,11.98,11.98,5.01,3.46,92.79,19.1,45.52,1005.0,20.35,18.41,3.2,81.31,1.3485,3521.92,17954,53.0,2.312,80.7,0
"Dec 01, 2013",28.76,9.8,7.93,10.89,0.22,1.74,2.4,33.5,1396.0,238.499,27.2,1.35,1517,342.325,-3.04,830,70.37,11.7,11.7,5.21,3.48,93.5,19.01,46.22,997.0,17.76,13.72,3.3965,80.04,1.3745,3592.0,18016,53.9,2.642,78.1,1
"Nov 01, 2013",28.57,9.8,7.92,10.91,0.55,1.83,2.4,30.8,1384.0,249.76,27.6,1.64,1531,305.6,5.88,573,77.78,11.08,11.08,4.8,3.51,93.66,19.49,46.91,674.0,20.0,13.7,3.2155,80.68,1.3589,3487.82,18016,55.4,2.461,70.4,0
"Oct 01, 2013",29.08,9.8,7.76,10.82,0.36,1.89,2.4,31.2,1364.0,256.093,28.6,0.39,1554,308.275,2.39,257,72.95,9.94,9.94,4.16,3.445,92.07,19.32,46.39,595.0,20.59,13.75,3.3045,80.19,1.3582,3377.73,18016,54.4,2.243,71.2,0
"Sep 01, 2013",29.12,10.1,7.84,10.8,0.59,1.95,2.4,35.3,1364.0,250.449,29.0,0.68,1568,330.425,-2.87,59,100.46,11.15,11.15,4.09,3.38,92.11,19.28,45.86,584.0,22.98,16.6,3.323,80.22,1.3524,3218.2,17860,58.6,2.294,79.7,0
"Aug 01, 2013",29.93,10.2,7.53,10.78,1.0,1.86,2.4,37.3,1388.0,234.814,28.8,-0.18,1553,352.28,-5.02,12,90.96,9.64,9.64,4.36,3.18,91.88,19.14,46.29,622.0,28.1,17.01,3.2305,82.09,1.322,3073.81,17860,56.0,2.386,81.5,1
"Jul 01, 2013",29.87,10.0,7.52,10.76,1.13,1.72,2.4,37.9,1396.0,244.258,28.2,1.71,1560,321.375,-9.25,5,73.98,11.06,11.06,4.35,3.22,93.93,19.26,46.76,624.0,22.95,13.45,3.125,81.45,1.33,3090.19,17860,52.2,2.275,80.3,1
"Jun 01, 2013",29.75,9.8,7.28,10.66,1.42,1.76,2.4,35.1,1404.0,255.022,28.6,0.61,1543,274.7,-0.98,26,82.97,10.6,10.6,3.87,3.31,91.95,18.82,45.34,577.0,22.37,16.86,3.0575,83.14,1.3008,2909.6,17710,53.7,2.128,81.4,1
"May 01, 2013",29.87,9.6,7.33,10.73,1.45,1.87,2.4,30.8,1407.0,265.432,28.7,0.28,1539,237.82,-1.95,136,83.72,10.63,10.63,4.07,3.43,91.49,18.73,45.53,612.0,24.41,16.3,3.3,83.26,1.2995,2981.76,17710,53.1,1.835,76.2,1
"Apr 01, 2013",29.91,9.4,7.37,10.71,1.35,1.89,2.4,30.5,1374.0,265.645,29.0,0.12,1572,223.65,1.73,348,95.11,10.62,10.62,4.34,3.6,91.19,18.59,45.81,619.0,24.57,13.52,3.1875,81.75,1.3166,2887.44,17710,54.4,1.462,68.1,0
"Mar 01, 2013",29.45,9.1,7.21,10.71,1.4,1.78,2.4,31.7,1339.0,262.168,29.2,0.22,1575,233.66,3.71,660,75.9,10.64,10.64,4.73,3.46,90.46,18.55,45.08,661.0,18.19,12.7,3.4125,83.22,1.2818,2818.69,17662,56.0,1.602,59.7,0
"Feb 01, 2013",29.29,9.1,7.15,10.7,1.35,1.91,2.4,34.3,1332.0,257.414,28.5,1.79,1559,266.4,0.69,734,81.59,10.84,10.84,5.24,3.54,91.77,18.65,46.45,697.0,23.61,15.51,3.5475,81.95,1.3056,2738.58,17662,55.2,1.643,69.6,1
"Jan 01, 2013",29.41,9.1,7.08,10.71,1.35,1.99,2.4,34.1,1318.0,251.182,28.9,1.5,1568,221.45,-4.87,829,90.66,11.49,11.49,5.12,3.41,91.71,18.74,45.75,636.0,22.54,14.28,3.7395,79.21,1.3578,2731.53,17662,56.1,1.719,58.6,1
"Dec 01, 2012",29.64,9.2,7.11,10.7,1.45,1.9,2.4,31.7,1358.0,242.665,28.9,0.42,1560,184.425,0.58,699,74.83,10.83,10.83,5.44,3.47,91.46,18.13,45.93,764.0,28.45,18.02,3.6525,79.77,1.3194,2660.93,17490,54.7,1.506,65.1,1
"Nov 01, 2012",30.06,9.5,7.08,10.73,1.5,1.86,2.4,30.7,1385.0,251.165,28.8,1.13,1583,174.22,4.44,541,81.39,10.92,10.92,4.59,3.55,92.49,18.53,46.5,705.0,27.62,15.87,3.645,80.15,1.2984,2677.88,17490,54.2,1.366,73.7,0
"Oct 01, 2012",30.14,9.76,6.97,10.66,1.5,2.05,2.4,31.0,1407.0,252.525,28.9,1.76,1590,205.6,6.15,262,81.66,10.78,10.78,4.38,3.45,92.63,18.71,46.55,674.0,32.18,18.6,3.523,79.92,1.2958,2647.92,17490,55.1,1.409,72.2,0
"Sep 01, 2012",30.6,9.76,6.6,10.62,1.45,2.08,2.4,34.9,1409.0,249.529,30.1,-0.22,1616,246.45,0.66,61,69.28,10.16,10.16,4.4,3.35,89.95,18.08,45.12,649.0,32.45,15.73,3.758,79.93,1.2858,2799.19,17470,53.7,1.399,70.3,1
"Aug 01, 2012",30.81,9.97,6.35,10.58,1.4,2.06,2.4,38.8,1423.0,241.812,29.5,0.53,1625,210.4,-5.11,9,74.88,9.22,9.22,4.58,3.19,91.42,19.14,46.73,627.0,31.4,17.47,3.4575,81.21,1.2575,2772.24,17470,52.6,1.322,60.6,1
"Jul 01, 2012",30.63,9.97,6.43,10.55,1.4,2.07,2.4,39.4,1419.0,248.054,29.5,0.72,1613,158.425,-4.49,5,82.81,10.31,10.31,4.33,3.26,91.52,18.54,46.01,642.0,34.53,18.93,3.4235,82.64,1.2303,2642.53,17470,52.1,1.255,65.9,1
"Jun 01, 2012",30.75,9.98,6.28,10.53,1.4,2.07,2.4,35.8,1409.0,263.831,29.4,0.33,1582,138.66,13.28,31,77.82,9.44,9.44,4.06,3.38,90.67,18.87,46.0,682.0,35.0,17.08,3.4965,81.63,1.2658,2615.72,17445,53.7,1.338,62.0,0
"May 01, 2012",30.66,9.69,6.37,10.55,1.4,2.12,2.4,31.7,1373.0,265.325,29.5,-0.32,1591,194.8,9.97,99,78.17,10.23,10.23,4.32,3.52,90.3,18.57,45.58,707.0,34.79,24.06,3.3705,83.04,1.2356,2524.87,17445,53.5,1.297,64.9,0
"Apr 01, 2012",31.06,9.89,6.32,10.53,1.35,1.99,2.4,29.9,1329.0,256.963,30.1,-2.85,1598,209.8,4.26,292,96.02,9.72,9.72,4.33,3.56,88.17,18.16,44.8,779.0,25.15,17.15,3.8295,78.78,1.324,2723.68,17445,56.0,1.657,69.2,0
"Mar 01, 2012",30.82,9.99,6.33,10.56,1.2,2.04,2.4,30.4,1307.0,247.028,29.3,-0.8,1580,239.78,-2.53,381,88.76,10.06,10.06,5.1,3.41,89.82,18.13,45.89,818.0,29.0,15.5,3.8295,79.0,1.3343,2755.27,17367,57.3,1.878,70.2,1
"Feb 01, 2012",30.61,10.0,6.27,10.56,1.0,2.01,2.4,32.9,1261.0,228.416,28.6,0.89,1585,193.15,-1.09,629,92.45,10.45,10.45,5.51,3.44,91.77,18.62,47.7,784.0,32.52,18.43,3.8795,78.74,1.3324,2623.1,17367,56.8,1.677,70.8,1
"Jan 01, 2012",30.31,9.8,6.18,10.57,0.8,1.89,2.4,33.3,1208.0,223.19,30.1,-2.94,1597,163.2,-1.22,763,79.63,9.92,9.92,5.13,3.16,87.64,18.3,45.24,813.0,32.31,19.44,3.797,79.29,1.3078,2467.95,17367,52.6,1.576,61.1,1
"Dec 01, 2011",30.11,9.8,6.11,10.51,0.55,1.99,2.4,32.4,1177.0,214.43,28.5,0.62,1560,148.84,-1.44,724,85.34,10.01,10.01,5.38,3.38,90.82,18.77,47.17,930.0,38.74,23.4,3.436,80.18,1.2945,2277.83,17223,52.0,1.629,64.5,1
"Nov 01, 2011",30.12,9.8,6.04,10.22,0.3,1.89,2.4,30.5,1125.0,217.706,28.9,1.35,1594,164.825,-10.45,473,83.16,10.3,10.3,4.54,3.47,91.16,19.06,46.67,788.0,41.0,27.8,3.5735,78.38,1.3441,2295.2,17223,52.9,1.814,56.0,1
"Oct 01, 2011",29.27,9.5,5.9,10.54,0.1,2.09,2.4,30.8,1077.0,217.554,29.5,0.4,1582,133.35,-0.02,256,76.34,9.51,9.51,4.35,3.3,89.2,18.82,46.21,773.0,43.26,29.96,3.642,76.17,1.3856,2360.08,17223,53.0,1.866,39.8,1
"Sep 01, 2011",29.59,9.7,5.61,10.18,0.0,2.11,2.4,36.1,1063.0,215.156,29.4,1.82,1594,156.18,1.93,57,83.35,9.36,9.36,4.24,3.13,90.15,18.89,46.94,697.0,55.68,42.96,3.152,78.55,1.3384,2139.18,17031,53.3,1.67,45.4,0
"Aug 01, 2011",29.53,9.9,5.67,10.45,0.1,2.11,2.4,39.8,1055.0,229.121,29.5,1.94,1612,137.65,12.34,9,86.95,9.59,9.59,4.4,3.06,90.99,19.36,47.66,679.0,44.33,31.62,4.1995,74.12,1.4377,2241.01,17031,52.7,2.031,44.5,0
"Jul 01, 2011",29.44,9.8,5.44,10.48,0.1,2.08,2.4,39.6,1014.0,226.776,30.1,0.62,1613,147.52,0.47,7,78.92,9.35,9.35,4.17,2.95,89.17,18.71,46.14,721.0,33.64,25.25,4.4895,73.9,1.4395,2362.81,17031,53.3,2.434,59.5,1
"Jun 01, 2011",29.16,9.6,5.59,10.41,0.2,2.09,2.4,36.4,979.0,234.429,29.8,1.43,1613,170.675,6.29,39,84.39,9.34,9.34,3.89,3.07,89.47,19.19,46.36,747.0,31.36,16.52,4.2825,74.3,1.4504,2325.07,17035,54.6,2.702,58.5,0
"May 01, 2011",28.51,8.9,5.62,10.46,0.2,2.01,2.4,30.9,948.0,244.818,30.6,0.4,1624,214.525,10.36,157,105.34,9.71,9.71,3.72,3.24,87.52,18.43,44.7,761.0,33.51,15.45,4.1875,74.64,1.4394,2372.54,17035,52.8,2.591,60.8,0
"Apr 01, 2011",28.42,8.9,5.56,10.43,0.3,1.97,2.4,30.6,896.0,246.753,30.5,0.03,1632,252.5,-4.64,314,91.02,9.92,9.92,4.04,3.32,87.32,18.58,44.89,829.0,30.39,14.75,4.179,72.93,1.4799,2404.08,17035,57.3,2.681,65.4,1
"Mar 01, 2011",28.37,8.9,5.62,10.39,1.34,2.09,2.4,31.4,830.0,240.812,29.6,1.61,1607,263.95,-6.8,581,136.89,9.56,9.56,4.5,3.35,88.91,19.19,47.02,932.0,34.62,17.74,4.317,75.86,1.4165,2338.99,16921,59.7,2.637,63.4,1
"Feb 01, 2011",29.57,9.1,5.41,10.41,1.65,2.13,2.4,35.3,801.0,237.851,29.4,2.13,1624,175.675,4.59,741,90.01,9.86,9.86,5.0,3.3,90.32,18.82,47.75,919.0,39.05,18.35,4.4965,76.89,1.3802,2350.99,16921,59.4,2.734,70.4,0
"Jan 01, 2011",29.63,8.68,5.5,10.41,1.65,2.08,2.3,35.9,793.0,231.553,31.0,-1.2,1667,157.125,1.64,954,79.42,9.76,9.76,4.8,3.09,87.74,18.93,46.12,662.0,35.18,19.53,4.4635,77.73,1.3686,2281.91,16921,57.1,2.804,60.6,1
"Dec 01, 2010",28.83,8.27,5.61,10.32,1.65,2.1,2.3,34.4,759.0,218.783,28.9,4.02,1621,161.86,-3.31,901,97.2,10.19,10.19,4.95,3.35,92.1,19.73,48.52,1043.0,29.48,17.75,4.447,79.03,1.3379,2217.86,16961,55.0,2.683,52.5,1
"Nov 01, 2010",28.64,8.22,5.58,10.31,1.65,2.17,2.3,30.7,723.0,236.036,30.1,2.47,1650,146.9,-0.27,525,94.71,10.39,10.39,4.52,3.16,90.54,18.97,47.6,882.0,31.89,23.54,3.8255,81.19,1.298,2117.33,16961,54.3,2.336,54.1,1
"Oct 01, 2010",28.66,8.17,5.63,10.42,1.65,2.14,2.3,31.1,693.0,246.599,31.2,0.52,1657,106.58,-2.83,237,65.99,8.79,8.79,3.99,3.12,88.26,18.93,46.73,758.0,32.12,21.2,3.739,77.27,1.395,2124.45,16961,53.2,2.263,50.2,1
"Sep 01, 2010",28.69,8.18,5.62,10.31,1.65,2.1,2.3,36.5,668.0,244.202,30.1,3.44,1627,28.95,3.48,52,71.17,9.74,9.74,4.4,3.08,90.89,19.46,48.06,686.0,30.04,23.7,3.6515,78.72,1.3633,1998.04,16872,51.5,2.09,48.5,0
"Aug 01, 2010",28.72,8.19,5.45,10.22,1.65,2.0,2.3,40.0,644.0,240.702,31.1,2.38,1680,51.35,1.23,9,80.99,8.91,8.91,4.35,2.91,89.7,19.66,47.53,715.0,34.51,26.05,3.3685,83.2,1.2687,1767.43,16872,54.3,1.993,53.5,1
"Jul 01, 2010",28.73,8.18,5.3,10.31,1.65,2.0,2.3,39.7,591.0,238.214,31.2,0.99,1653,35.66,1.68,6,79.38,8.41,8.41,4.13,2.88,88.39,19.29,46.98,796.0,31.52,23.5,3.32,81.54,1.3048,1864.0,16872,53.8,2.351,50.4,1
"Jun 01, 2010",28.89,8.18,5.38,10.32,1.65,1.9,2.3,36.9,566.0,243.099,30.4,3.31,1658,28.725,4.01,31,96.45,9.84,9.84,3.94,3.06,90.38,19.56,47.2,855.0,39.5,34.54,2.9505,86.02,1.2236,1739.14,16743,55.4,2.33,52.9,1
"May 01, 2010",28.73,8.11,5.4,10.29,1.65,1.95,2.3,30.7,541.0,240.28,31.9,-1.3,1665,77.65,14.03,141,88.96,8.39,8.39,3.81,3.24,86.11,18.87,45.18,962.0,40.49,32.07,3.115,86.59,1.2306,1852.39,16743,55.4,2.529,63.3,0
"Apr 01, 2010",28.83,8.2,5.39,10.24,1.65,2.02,2.3,29.9,508.0,241.334,31.0,0.54,1655,117.9,-1.85,272,88.76,9.32,9.32,4.32,3.24,87.66,19.07,46.32,996.0,30.25,22.05,3.3535,81.87,1.3298,2000.63,16743,55.4,2.695,57.9,1
"Mar 01, 2010",28.84,8.15,5.52,10.28,1.65,2.01,2.3,31.7,471.0,237.373,30.1,1.6,1632,109.175,-3.4,550,74.12,9.1,9.1,4.7,3.21,88.57,19.08,47.4,964.0,29.61,17.59,3.563,81.07,1.3512,1958.34,16583,53.0,2.813,52.5,1
"Feb 01, 2010",28.89,8.16,5.55,10.24,1.65,2.07,2.3,35.7,446.0,225.446,30.2,2.19,1653,70.475,3.6,808,80.73,9.14,9.14,4.96,3.3,88.89,18.83,47.58,897.0,32.82,19.5,3.284,80.36,1.3626,1818.68,16583,50.5,2.803,46.0,0
"Jan 01, 2010",28.89,8.11,5.4,10.21,1.65,2.04,2.4,35.9,433.0,218.884,32.1,-2.12,1667,114.52,-0.42,927,91.58,8.02,8.02,4.8,3.01,84.14,18.65,45.53,1077.0,34.05,24.62,3.0595,79.46,1.3863,1741.04,16583,50.1,2.772,55.9,1
"Dec 01, 2009",28.98,8.2,5.45,10.18,1.65,1.96,2.4,33.7,404.0,212.168,29.9,2.07,1618,68.175,5.96,871,92.95,9.2,9.2,5.06,3.04,88.65,19.24,47.74,814.0,36.26,21.68,3.3465,77.86,1.4318,1860.31,16503,48.7,2.694,52.9,0
"Nov 01, 2009",29.0,8.3,5.39,10.22,1.65,1.88,2.4,30.2,362.0,219.288,31.9,-1.51,1662,88.4,-0.64,447,82.1,8.39,8.39,4.38,3.02,85.55,18.75,46.08,679.0,41.17,24.51,3.168,74.78,1.5009,1767.43,16503,50.6,2.531,49.5,1
"Oct 01, 2009",28.96,8.3,5.52,10.19,1.65,1.83,2.4,31.3,312.0,218.144,31.3,0.0,1641,68.98,-4.82,332,90.58,8.92,8.92,4.26,3.0,86.92,18.8,46.51,593.0,41.13,30.69,2.9605,76.3,1.4718,1667.13,16503,50.9,2.487,47.7,1
"Sep 01, 2009",28.92,8.3,5.56,10.19,1.65,1.72,2.4,34.9,293.0,221.076,31.9,0.29,1666,42.375,5.06,62,92.84,8.57,8.57,4.13,2.98,86.76,18.59,46.24,570.0,45.23,25.61,2.819,76.65,1.4636,1718.99,16326,48.4,2.356,53.1,0
"Aug 01, 2009",28.91,8.4,5.42,10.09,1.65,1.59,2.4,37.5,279.0,220.302,32.3,-0.28,1675,30.85,-3.2,14,73.37,8.58,8.58,4.14,2.89,85.78,18.95,45.47,500.0,47.09,26.01,2.821,78.17,1.4331,1625.19,16326,46.4,2.429,54.1,1
"Jul 01, 2009",28.81,8.5,5.4,10.03,1.65,1.61,2.4,36.7,245.0,230.347,31.7,0.6,1650,15.84,7.83,15,83.44,9.21,9.21,3.97,2.82,86.99,18.63,45.88,474.0,45.72,25.92,2.6245,78.35,1.425,1603.36,16326,47.0,2.367,46.6,0
"Jun 01, 2009",28.57,8.3,5.27,10.01,1.65,1.77,2.4,34.4,194.0,229.787,31.7,1.27,1650,38.35,-7.85,44,81.11,8.59,8.59,4.04,2.88,86.83,18.83,46.09,648.0,42.78,26.35,2.272,80.16,1.4036,1477.25,16269,44.0,2.42,49.3,1
"May 01, 2009",28.48,8.05,5.38,9.98,1.65,1.79,2.4,30.0,187.0,240.455,32.6,-1.23,1650,13.48,-3.88,136,89.68,8.69,8.69,3.78,3.14,84.04,18.21,44.33,482.0,41.32,28.92,2.1995,79.23,1.4154,1435.57,16269,43.7,2.539,54.9,1
"Apr 01, 2009",28.46,8.05,5.28,10.02,1.65,1.7,2.4,30.0,209.0,249.137,32.2,-0.33,1655,2.35,2.13,334,85.69,8.61,8.61,4.19,2.97,85.0,18.67,45.9,477.0,52.75,36.5,2.0475,84.82,1.3226,1394.33,16269,40.8,2.212,39.2,1
"Mar 01, 2009",28.31,8.05,5.22,9.92,1.65,1.84,2.4,31.0,225.0,240.459,31.9,0.89,1665,6.15,-1.02,577,72.64,8.27,8.27,4.55,3.17,85.83,18.72,47.16,540.0,78.01,44.14,1.849,85.51,1.3251,1237.01,16298,41.6,1.863,26.0,1
"Feb 01, 2009",28.42,8.05,5.24,9.86,1.65,1.92,2.4,34.6,271.0,233.35,31.9,0.52,1674,29.9,11.81,694,67.45,7.46,7.46,4.66,3.24,85.61,18.82,47.63,601.0,68.54,46.35,1.5385,88.17,1.2669,1116.99,16298,42.9,2.043,25.0,0
"Jan 01, 2009",28.57,8.1,5.14,9.88,1.65,1.85,2.4,35.1,328.0,231.922,32.3,-0.21,1673,58.46,7.07,951,85.37,7.37,7.37,4.77,3.0,84.21,19.04,47.38,611.0,77.1,44.84,1.4755,85.83,1.2782,1180.25,16298,40.6,1.901,37.7,1
"Dec 01, 2008",29.54,8.5,5.1,9.85,1.7,1.95,2.4,33.7,391.0,216.55,31.3,0.29,1671,37.425,19.0,826,92.37,7.88,7.88,5.11,3.05,85.76,19.14,48.31,1243.0,88.93,40.0,1.41,81.15,1.398,1211.65,16485,37.3,1.452,38.0,0
"Nov 01, 2008",30.19,8.95,5.08,9.88,1.75,1.96,2.4,31.5,426.0,204.358,31.9,-2.66,1671,-12.425,20.21,535,79.08,7.3,7.3,4.57,2.97,84.09,19.05,47.12,1073.0,80.26,55.28,1.644,86.52,1.2698,1185.75,16485,44.4,1.92,44.9,0
"Oct 01, 2008",30.91,9.4,4.74,9.95,1.75,1.98,2.4,32.0,422.0,194.547,30.5,0.12,1668,6.8,26.87,284,64.16,7.9,7.9,4.34,2.885,87.14,19.7,48.67,1298.0,80.56,59.89,1.8345,85.63,1.2733,1334.78,16485,50.2,2.402,38.0,0
"Sep 01, 2008",30.87,9.4,3.97,9.93,1.65,1.99,2.4,36.3,417.0,185.781,30.7,0.91,1666,20.425,13.55,55,88.54,8.28,8.28,4.29,2.8,86.34,17.84,46.98,1538.0,59.56,39.39,2.879,79.45,1.4104,1594.63,16854,50.6,1.849,59.8,0
"Aug 01, 2008",31.16,9.6,5.0,9.93,1.72,1.89,2.4,38.6,397.0,183.803,31.0,-1.04,1677,3.3,18.21,15,88.55,8.3,8.3,4.17,2.91,86.04,19.27,47.11,1458.0,50.22,20.65,3.3995,77.38,1.4674,1872.54,16854,49.5,1.446,56.9,0
"Jul 01, 2008",31.36,9.7,5.18,9.86,1.75,1.91,2.4,39.6,380.0,179.23,30.4,-0.84,1674,14.85,1.52,7,89.74,8.17,8.17,4.46,2.68,87.18,19.56,48.31,1965.0,47.02,22.94,3.656,73.23,1.5601,1849.15,16854,48.2,1.434,51.9,0
"Jun 01, 2008",31.0,9.45,5.14,9.85,1.75,1.88,2.4,37.3,383.0,180.597,30.1,-0.75,1636,19.875,-9.04,30,87.55,7.88,7.88,4.33,2.79,86.28,19.68,47.65,1902.0,45.11,23.95,3.8825,72.46,1.5756,1837.09,16943,51.7,1.343,50.4,1
"May 01, 2008",30.92,9.4,5.14,9.83,1.77,1.9,2.4,31.8,375.0,185.8,29.7,-0.02,1631,62.32,-14.99,189,72.57,8.62,8.62,4.45,2.85,87.05,19.8,47.93,1993.0,42.3,17.83,3.606,72.88,1.5554,2032.57,16943,52.0,1.41,52.7,1
"Apr 01, 2008",30.56,9.1,5.18,9.81,1.79,2.1,2.4,31.7,358.0,194.948,29.1,1.77,1617,59.575,-9.76,326,71.9,8.08,8.08,5.0,3.04,88.1,19.81,49.09,1651.0,38.52,20.79,3.9045,72.51,1.5617,1917.7,16943,49.6,1.464,62.3,1
"Mar 01, 2008",30.85,9.2,5.19,9.85,1.79,1.87,2.4,32.5,343.0,194.026,29.1,1.34,1630,86.325,-10.79,610,77.64,8.84,8.84,5.06,3.06,88.15,19.83,48.64,1510.0,39.32,25.61,3.827,71.8,1.5774,1781.93,16843,49.3,1.819,64.5,1
"Feb 01, 2008",30.64,9.2,5.15,9.88,1.79,2.0,2.4,35.9,331.0,186.925,28.9,1.74,1608,42.92,-3.57,729,80.75,7.15,7.15,5.84,3.17,88.33,20.03,50.64,1167.0,34.82,26.54,3.855,73.71,1.5181,1745.27,16843,45.0,1.891,75.0,1
"Jan 01, 2008",30.56,9.2,5.12,9.88,1.74,2.2,2.4,36.0,321.0,180.019,29.9,1.22,1658,76.525,-2.05,886,81.5,8.02,8.02,5.33,3.0,87.73,20.25,49.95,1188.0,30.24,26.2,3.307,75.18,1.4866,1841.42,16843,52.5,1.488,90.6,1
"Dec 01, 2007",30.58,9.1,5.11,9.9,1.74,2.17,2.4,33.9,338.0,174.05,28.9,2.55,1625,37.425,0.26,798,94.97,8.61,8.61,5.69,2.95,89.03,20.72,50.63,2143.0,36.35,22.5,3.041,76.69,1.459,2084.93,16915,52.7,0.976,87.8,0
"Nov 01, 2007",29.92,9.0,5.03,9.92,1.74,2.1,2.4,32.7,341.0,180.29,29.2,2.59,1605,48.86,-11.78,522,89.8,7.43,7.43,5.23,2.96,88.53,20.53,51.24,1535.0,37.26,22.87,3.1785,76.15,1.4632,2089.1,16915,53.5,0.934,95.2,1
"Oct 01, 2007",30.08,8.8,5.02,10.0,1.72,2.15,2.4,34.0,321.0,185.913,29.7,2.24,1631,51.475,-9.09,182,101.47,7.86,7.86,4.82,2.93,88.42,20.48,50.76,1079.0,37.46,18.53,3.4795,76.48,1.4481,2238.98,16915,52.5,0.519,99.5,1
"Sep 01, 2007",29.89,8.8,4.9,10.02,1.7,2.15,2.4,38.4,302.0,188.447,30.4,1.72,1646,31.675,-8.67,50,94.49,7.82,7.82,4.89,2.9,87.15,20.41,49.77,920.0,29.32,18.0,3.64,77.72,1.4272,2091.11,16810,52.8,0.606,105.6,1
"Aug 01, 2007",29.26,8.6,4.97,9.89,1.7,2.15,2.4,41.2,306.0,200.939,30.6,2.57,1656,66.96,1.47,9,83.17,7.37,7.37,4.62,2.72,87.16,21.03,50.2,810.0,28.86,23.38,3.403,80.79,1.363,1988.73,16810,53.6,0.37,111.9,0
"Jul 01, 2007",29.27,8.6,5.04,9.96,1.68,2.0,2.4,38.9,285.0,215.062,30.7,2.09,1656,108.275,-4.75,6,112.35,8.5,8.5,4.59,2.61,87.5,20.75,49.74,999.0,30.69,23.52,3.642,80.77,1.3673,1932.06,16810,55.3,0.22,105.3,1
"Jun 01, 2007",29.01,8.6,5.08,9.94,1.68,2.01,2.4,36.9,283.0,228.573,30.5,2.55,1645,57.84,-0.65,27,97.97,8.17,8.17,4.6,2.67,87.48,20.72,49.62,1029.0,27.44,16.23,3.4505,81.92,1.3542,1934.1,16713,54.2,0.156,108.5,1
"May 01, 2007",29.14,8.6,5.21,9.89,1.68,2.17,2.4,32.5,282.0,228.113,31.0,1.28,1659,55.05,4.39,118,92.6,8.21,8.21,4.43,2.91,86.21,20.62,49.0,1016.0,35.735,13.05,3.3915,82.3,1.3453,1928.19,16713,53.3,-0.029,106.3,0
"Apr 01, 2007",29.32,8.6,5.18,9.87,1.68,2.04,2.4,31.6,285.0,218.463,30.7,0.25,1641,71.625,0.33,374,76.61,7.88,7.88,4.9,2.92,85.53,20.54,49.07,1236.0,35.735,14.22,3.5565,81.45,1.3647,1867.75,16713,52.0,0.033,108.2,1
"Mar 01, 2007",29.11,8.6,5.12,9.97,1.68,2.16,2.34,32.4,282.0,208.332,29.7,2.77,1630,36.8,1.14,500,87.34,7.83,7.83,5.41,2.93,87.63,20.54,50.52,1398.0,35.735,14.64,3.144,82.93,1.3358,1772.36,16612,54.2,0.065,111.2,1
"Feb 01, 2007",29.03,8.6,5.12,9.96,1.68,2.13,2.34,37.0,266.0,201.54,29.8,3.22,1669,-8.725,-2.43,840,96.17,7.38,7.38,5.57,2.92,88.2,21.31,51.64,1101.0,35.735,15.42,2.752,83.57,1.3235,1761.65,16612,55.6,-0.082,110.2,1
"Jan 01, 2007",28.96,8.75,5.11,9.92,1.65,2.25,2.45,35.1,270.0,206.218,31.1,1.78,1675,-7.675,10.24,840,97.92,7.96,7.96,5.22,2.86,86.5,20.57,49.91,1195.0,35.735,10.42,2.6015,84.61,1.3034,1792.28,16612,53.7,-0.111,110.0,0
"Dec 01, 2006",29.28,8.75,5.19,9.91,1.65,2.25,2.45,33.6,281.0,204.894,31.1,1.5,1675,16.38,1.41,692,90.61,7.4,7.4,5.92,2.78,86.43,20.8,51.05,1461.0,35.735,11.56,2.871,83.72,1.3199,1756.9,16562,54.5,-0.125,105.3,1
"Nov 01, 2006",29.35,8.8,5.06,9.81,1.7,2.3,2.45,32.2,288.0,214.516,31.4,1.86,1695,3.425,3.92,475,88.78,7.35,7.35,5.22,2.8,87.05,20.67,51.1,996.0,35.735,10.91,3.189,82.92,1.3241,1791.25,16562,54.9,-0.159,105.1,1
"Oct 01, 2006",29.72,8.8,5.11,9.94,1.7,2.2,2.45,32.8,288.0,217.164,32.0,0.63,1701,-1.825,7.65,311,113.14,7.62,7.62,4.75,2.685,86.35,20.77,50.3,1237.0,35.735,11.1,3.349,85.32,1.2763,1732.54,16562,54.5,-0.097,105.9,0
"Sep 01, 2006",29.95,9.0,5.03,9.84,1.7,2.2,2.45,36.7,305.0,214.604,32.4,0.53,1702,36.28,11.94,87,111.72,7.87,7.87,4.51,2.57,86.0,20.56,49.82,1275.0,35.735,11.98,3.4605,85.97,1.2672,1654.13,16421,53.9,-0.058,100.2,0
"Aug 01, 2006",30.29,9.3,5.04,9.82,1.7,2.15,2.4,41.3,316.0,214.636,31.8,0.66,1693,72.325,3.91,11,147.08,7.71,7.71,4.8,2.59,86.63,21.43,50.58,1424.0,35.735,12.31,3.461,85.05,1.2807,1579.73,16421,55.6,-0.056,107.0,0
"Jul 01, 2006",30.19,9.3,5.09,9.73,1.7,2.25,2.5,40.6,298.0,211.722,32.1,-1.47,1683,55.05,-1.51,3,137.13,7.33,7.33,4.95,2.44,84.7,20.74,49.59,1400.0,35.735,14.95,3.55,85.3,1.2763,1509.43,16421,55.2,0.021,105.4,1
"Jun 01, 2006",29.87,9.1,5.16,9.74,1.7,2.15,2.5,37.3,285.0,214.291,31.1,1.02,1645,38.7,2.52,26,102.57,7.71,7.71,4.72,2.46,85.86,20.98,50.27,1375.0,35.735,13.08,3.355,85.22,1.2789,1575.23,16396,57.0,-0.017,104.7,1
"May 01, 2006",29.62,9.2,5.15,9.67,1.69,2.15,2.5,32.4,261.0,217.313,31.9,-0.7,1663,78.3,2.04,143,85.21,7.36,7.36,4.4,2.63,84.14,20.46,48.79,1159.0,35.735,16.44,3.6065,84.72,1.2812,1579.58,16396,58.4,0.082,109.8,1
"Apr 01, 2006",29.95,9.35,5.08,9.65,1.68,2.15,2.5,31.3,259.0,220.314,31.6,-1.78,1636,49.725,-3.57,275,89.02,7.73,7.73,5.07,2.8,83.27,20.2,48.37,1106.0,35.735,11.59,3.2205,86.11,1.2637,1700.71,16396,56.9,0.186,107.5,1
"Mar 01, 2006",29.94,9.35,5.03,9.63,1.65,2.2,2.5,32.7,244.0,221.053,30.0,2.05,1616,-11.84,2.03,602,92.8,7.49,7.49,5.65,2.73,86.78,20.61,51.63,1019.0,35.735,11.39,2.459,89.73,1.2119,1703.66,16354,57.6,0.029,102.7,1
"Feb 01, 2006",30.09,9.5,5.03,9.52,1.65,2.35,2.5,35.1,209.0,218.246,30.3,2.38,1633,-7.275,5.41,724,95.86,7.71,7.71,6.07,2.81,87.51,20.58,51.84,1109.0,35.735,12.34,2.1785,90.11,1.1921,1670.57,16354,56.3,-0.134,106.8,0
"Jan 01, 2006",30.05,9.4,5.05,9.51,1.65,2.5,2.5,34.5,242.0,202.789,31.3,-0.38,1634,-2.825,-4.31,688,94.51,6.67,6.67,5.94,2.63,84.69,20.44,50.78,1708.0,35.735,12.95,2.2155,88.96,1.2155,1710.75,16354,59.0,-0.009,103.8,1
"Dec 01, 2005",30.36,9.5,4.99,9.6,1.65,2.5,2.5,34.7,247.0,200.578,30.0,1.94,1612,-28.9,0.49,863,95.35,7.13,7.13,6.23,2.57,87.07,21.5,52.88,2077.0,35.735,12.07,2.042,91.17,1.1843,1645.2,16137,59.1,-0.009,98.3,1
"Nov 01, 2005",30.45,9.5,4.86,9.67,1.65,2.5,2.5,32.1,253.0,196.885,31.6,-0.42,1655,-47.275,4.22,473,83.48,7.15,7.15,5.26,2.37,84.99,20.62,51.14,2149.0,35.735,12.06,1.9655,91.57,1.1789,1672.56,16137,57.4,0.075,85.2,0
"Oct 01, 2005",30.5,9.5,4.55,9.66,1.65,2.45,2.5,33.6,217.0,200.495,32.8,-2.37,1684,-33.025,4.45,242,87.06,6.95,6.95,4.67,2.38,82.19,20.25,48.76,2196.0,35.735,15.32,1.792,90.07,1.1988,1579.18,16137,55.7,0.171,87.5,0
"Sep 01, 2005",30.84,9.6,4.21,9.62,1.65,2.4,2.5,38.6,210.0,182.293,31.4,-0.39,1653,-0.82,1.03,43,103.81,7.11,7.11,5.0,2.39,84.23,20.14,49.77,1514.0,35.735,11.92,1.7275,89.52,1.203,1601.66,16048,61.3,0.159,105.5,1
"Aug 01, 2005",30.51,9.6,5.2,9.58,1.64,2.5,2.5,41.1,206.0,187.318,30.8,0.28,1638,29.3,-3.91,8,116.23,6.78,6.78,4.94,2.31,85.59,21.67,51.25,1076.0,35.735,12.6,1.668,87.58,1.2344,1581.71,16048,59.5,0.194,103.6,1
"Jul 01, 2005",30.48,9.6,5.25,9.47,1.64,2.5,2.5,40.4,170.0,195.303,31.9,-1.37,1645,23.92,-0.68,4,165.9,7.06,7.06,4.91,2.42,83.68,20.94,49.46,1097.0,35.735,11.57,1.6225,89.35,1.213,1605.14,16048,58.1,0.259,106.2,1
"Jun 01, 2005",30.24,9.6,5.44,9.51,1.63,2.5,2.5,37.5,146.0,200.479,30.7,0.33,1604,4.1,-4.06,31,81.12,7.56,7.56,4.98,2.32,85.72,21.2,50.41,1193.0,35.735,12.04,1.51,89.11,1.2102,1493.52,15923,55.3,0.276,103.1,1
"May 01, 2005",30.12,9.6,5.6,9.4,1.63,2.45,2.5,31.3,150.0,207.763,32.5,-3.54,1657,-2.025,5.88,192,98.21,6.43,6.43,4.52,2.5,82.34,20.61,48.67,1251.0,35.735,13.29,1.4225,87.76,1.231,1542.63,15923,55.6,0.405,97.5,0
"Apr 01, 2005",30.24,9.6,5.56,9.38,1.62,2.4,2.6,31.2,171.0,214.495,31.2,-2.44,1603,56.18,2.69,314,87.03,6.76,6.76,5.1,2.5,83.15,20.14,49.19,1274.0,35.735,15.31,1.464,84.43,1.2873,1420.79,15923,58.0,0.542,103.0,0
"Mar 01, 2005",30.12,9.5,5.6,9.43,1.6,2.3,2.6,32.8,186.0,197.334,29.7,0.97,1600,68.525,-5.45,647,90.41,6.82,6.82,5.98,2.62,86.1,21.01,51.98,1373.0,35.735,14.02,1.497,84.06,1.2963,1482.53,15845,59.4,0.705,104.4,1
"Feb 01, 2005",29.93,9.5,5.5,9.43,1.6,2.25,2.6,35.3,192.0,180.817,29.7,1.57,1610,36.1,-1.52,673,108.98,7.02,7.02,6.2,2.65,86.58,20.83,52.29,1611.0,35.735,12.08,1.4985,82.51,1.3237,1511.02,15845,58.0,0.777,105.1,1
"Jan 01, 2005",29.82,9.5,5.45,9.38,1.6,2.03,2.6,35.3,178.0,173.788,30.7,-0.19,1639,16.475,-3.39,855,100.89,6.9,6.9,5.78,2.52,84.42,20.69,50.62,1357.0,35.735,12.82,1.421,83.6,1.3034,1519.63,15845,59.6,0.852,102.7,1
"Dec 01, 2004",29.62,9.5,5.51,9.42,1.6,2.12,2.5,34.5,180.0,171.404,29.7,2.33,1606,-2.82,5.07,802,109.9,7.1,7.1,5.91,2.63,86.63,21.23,52.31,2145.0,35.735,13.29,1.4525,80.85,1.3558,1621.12,15671,58.4,1.157,92.6,0
"Nov 01, 2004",29.42,9.5,5.42,9.48,1.56,2.12,2.6,32.2,183.0,171.565,31.3,0.31,1678,3.85,3.0,497,122.71,7.16,7.16,5.15,2.44,84.94,20.81,50.91,2797.0,35.735,13.24,1.439,81.82,1.3293,1571.5,15671,58.8,1.354,92.9,0
"Oct 01, 2004",29.94,9.5,5.17,9.5,1.56,2.12,2.5,32.4,171.0,167.047,31.2,-1.11,1644,27.72,-8.63,259,119.86,6.68,6.68,5.07,2.45,83.68,20.86,50.25,3008.0,35.735,16.27,1.3325,84.91,1.2785,1486.72,15671,57.9,1.477,96.7,1
"Sep 01, 2004",29.91,9.5,5.08,9.5,1.56,2.12,2.5,36.7,166.0,158.441,31.2,-0.34,1635,22.275,-2.5,53,153.87,6.62,6.62,4.89,2.46,83.55,20.53,50.09,2012.0,35.735,13.34,1.396,87.36,1.2432,1412.74,15513,57.3,1.53,98.7,1
"Aug 01, 2004",29.4,9.5,5.32,9.46,1.55,2.21,2.5,38.0,170.0,162.012,31.4,-0.06,1630,38.975,-5.3,21,140.37,6.89,6.89,5.21,2.41,83.28,21.03,49.7,1266.0,35.735,15.29,1.2815,88.94,1.2188,1368.68,15513,58.5,1.725,105.7,1
"Jul 01, 2004",29.58,9.5,5.48,9.39,1.5,2.21,2.5,38.4,170.0,175.621,31.3,-1.27,1622,28.12,-3.0,9,131.02,6.49,6.49,5.05,2.16,83.12,20.88,49.9,1507.0,35.735,15.32,1.298,89.96,1.202,1400.39,15513,58.6,1.863,102.8,1
"Jun 01, 2004",29.19,9.5,5.41,9.34,1.45,2.17,2.5,36.7,164.0,185.264,30.8,-0.28,1606,38.725,0.93,41,137.23,7.32,7.32,4.71,2.46,83.5,20.78,49.45,1450.0,35.735,14.34,1.208,88.8,1.2187,1516.64,15367,58.5,1.904,93.1,0
"May 01, 2004",28.05,8.5,5.56,9.17,1.45,2.17,2.5,32.3,156.0,178.089,31.8,-1.77,1605,68.775,-5.05,116,121.09,6.63,6.63,4.65,2.5,80.36,20.31,47.58,1450.0,35.735,15.5,1.2745,88.95,1.2186,1466.22,15367,59.6,2.21,93.0,1
"Apr 01, 2004",28.24,8.4,5.56,9.11,1.45,2.17,2.5,31.5,154.0,179.561,30.4,0.04,1589,49.6,-2.11,311,149.63,6.81,6.81,5.03,2.54,82.59,20.55,49.41,1129.0,35.735,17.19,1.2075,90.48,1.1982,1401.36,15367,58.3,2.216,88.5,1
"Mar 01, 2004",28.29,8.4,5.62,9.03,1.45,2.17,2.5,32.3,164.0,171.526,29.7,1.35,1579,76.75,-4.37,497,138.53,6.73,6.73,5.79,2.58,84.03,20.45,51.13,1370.0,35.735,16.74,1.358,87.61,1.2315,1438.41,15249,58.0,2.265,88.5,1
"Feb 01, 2004",28.39,8.7,5.57,8.96,1.45,2.17,2.5,35.4,153.0,167.314,30.1,0.9,1606,61.15,-2.21,766,115.08,6.78,6.78,6.0,2.55,83.68,20.87,51.31,1394.0,35.735,14.55,1.346,87.31,1.249,1470.38,15249,61.2,2.325,97.7,1
"Jan 01, 2004",28.47,8.7,5.58,8.92,1.45,2.34,2.5,35.7,143.0,154.853,30.9,-0.73,1622,54.78,-3.32,968,113.47,6.46,6.46,5.81,2.46,82.02,20.48,50.03,2013.0,35.735,16.63,1.142,87.2,1.2469,1493.08,15249,56.8,2.525,94.8,1
"Dec 01, 2003",28.18,8.59,5.57,8.89,1.42,2.29,2.5,34.1,153.0,154.688,30.5,0.82,1619,42.5,-2.31,792,129.47,6.08,6.08,6.18,2.52,83.64,20.68,51.64,2242.0,35.735,18.31,1.0455,86.92,1.2588,1467.92,15163,57.5,2.416,92.5,1
"Nov 01, 2003",27.51,8.43,5.55,8.92,1.42,2.24,2.6,31.6,158.0,163.08,32.4,-0.8,1645,25.45,-1.65,489,118.09,6.08,6.08,5.31,2.49,80.67,19.87,49.03,1566.0,35.735,16.32,0.9125,90.21,1.1994,1424.25,15163,58.7,2.264,81.7,1
"Oct 01, 2003",27.53,8.58,5.61,8.87,1.43,2.24,2.6,32.3,158.0,166.864,31.9,0.5,1636,2.06,-2.63,266,108.32,6.08,6.08,5.19,2.42,81.61,20.18,49.98,1274.0,35.735,16.1,0.941,92.73,1.1584,1416.39,15163,57.6,2.467,77.0,1
"Sep 01, 2003",26.91,8.48,5.61,8.84,1.43,2.18,2.6,36.7,154.0,164.244,32.7,0.38,1659,-15.7,2.08,67,118.2,5.98,5.98,4.91,2.35,80.45,19.93,49.24,1055.0,35.735,22.72,0.8185,92.85,1.166,1303.7,14989,59.1,2.476,81.7,0
"Aug 01, 2003",26.57,8.54,5.57,8.67,1.43,2.17,2.6,39.6,153.0,157.3,33.0,0.11,1664,43.22,-2.28,6,138.23,5.98,5.98,4.82,2.27,79.39,20.59,48.4,822.0,35.735,18.63,0.808,98.1,1.098,1341.2,14989,57.3,2.492,77.0,1
"Jul 01, 2003",26.08,8.54,5.5,8.6,1.43,2.13,2.6,38.8,153.0,160.247,32.7,1.22,1653,29.775,-2.45,5,134.9,5.98,5.98,4.8,2.19,79.94,20.1,48.82,867.0,35.735,19.49,0.821,96.89,1.1231,1276.94,14989,54.3,2.654,83.5,1
"Jun 01, 2003",25.96,8.63,5.66,8.48,1.44,2.03,2.63,35.0,152.0,158.608,32.7,1.06,1634,10.775,-4.04,45,145.77,5.52,5.52,4.93,2.36,78.95,19.79,48.12,957.0,35.735,19.52,0.753,94.73,1.1511,1201.69,14744,52.8,2.172,83.6,1
"May 01, 2003",26.67,9.32,5.66,8.36,1.43,1.83,2.52,31.5,167.0,159.674,32.6,-0.66,1611,-28.8,-1.9,176,162.12,5.52,5.52,4.88,2.47,77.94,19.35,47.52,1356.0,35.735,19.47,0.784,93.27,1.1787,1197.89,14744,50.1,2.024,81.0,0
"Apr 01, 2003",26.47,9.52,5.73,8.24,1.41,1.9,2.35,31.1,185.0,164.989,31.8,-0.32,1597,-47.85,1.49,360,255.78,5.52,5.52,5.11,2.32,78.33,19.83,48.39,1150.0,35.735,21.21,0.731,97.19,1.1183,1106.06,14744,49.1,2.354,61.4,0
"Mar 01, 2003",27.29,9.38,5.8,8.24,1.4,2.24,1.43,32.2,171.0,156.222,30.9,-0.14,1588,-34.15,-1.54,580,358.71,5.55,5.55,6.05,2.31,79.64,19.71,49.26,1557.0,35.735,29.15,0.717,99.06,1.0924,1018.66,14614,52.6,2.301,64.8,0
"Feb 01, 2003",26.67,8.8,5.78,8.2,1.38,2.18,0.62,36.5,153.0,148.094,29.0,3.23,1533,-2.1,-5.94,806,239.61,5.55,5.55,6.45,2.45,82.54,20.37,51.83,1931.0,35.735,29.63,0.781,99.71,1.0798,1009.74,14614,53.3,2.176,78.8,1
"Jan 01, 2003",25.36,8.5,5.76,8.08,1.35,2.05,1.0,35.6,132.0,153.33,30.8,2.85,1572,8.04,-0.665,948,206.43,5.55,5.55,6.03,2.39,80.37,20.02,49.81,840.5,35.735,31.17,0.7975,99.91,1.0769,983.05,14614,52.3,2.269,80.7,1
